{"cameraMode":{"drawMode":31,"name":"Sprite Mask","section":"Miscellaneous"},"sceneLighting":true,"audioPlay":false,"sceneViewState":{"showFog":true,"showMaterialUpdate":true,"showSkybox":true,"showFlares":true,"showImageEffects":true,"showParticleSystems":true},"in2DMode":false,"pivot":{"x":0.0,"y":0.17040319740772248,"z":1.215000033378601},"rotation":{"x":-0.19994783401489259,"y":-0.006763172335922718,"z":0.001382581191137433,"w":-0.979782223701477},"size":5.4728875160217289,"orthographic":false}